car_id,target_class
P17494612l,gear_stick
N-1530212S,engine_overheat
B-1154399t,engine_check
F12725233R,engine_check
l-1139189J,another_bug
U75286923j,engine_overheat
T-7479831o,engine_overheat
B-1369793u,another_bug
Y-1289786X,engine_overheat
C29045893T,engine_overheat
v-1730983R,engine_check
I20727212Q,gear_stick
p48812438h,engine_overheat
T-2633971l,gear_stick
V-9683916q,engine_overheat
P68488505Z,engine_check
W23907639f,engine_overheat
A22674788w,gear_stick
y-1252277z,engine_check
u21168983D,engine_check
x12753662A,engine_check
v-7435255a,engine_overheat
E12421362P,engine_check
J35738918W,engine_overheat
T16973122B,engine_overheat
p-5671458M,engine_check
I68086031c,engine_check
D69722395r,engine_overheat
X10967418c,engine_check
q-1489273f,engine_overheat
C-1903701S,engine_overheat
r11820515d,engine_overheat
x12397432S,gear_stick
Q50389908q,engine_overheat
B18597537S,engine_overheat
S-9537522o,engine_overheat
a10623296X,engine_check
R28123139u,another_bug
h-1451730v,engine_overheat
d-1257449w,engine_overheat
N11419190t,engine_check
k63904133P,engine_check
J92413639E,engine_check
b-3875784F,engine_overheat
f15183722K,engine_check
c-1874297z,gear_stick
E16971328N,engine_overheat
H18110876A,engine_check
P-1301418D,engine_check
b-9697936F,engine_overheat
H-4258275m,engine_check
H10655858l,engine_check
w-1481290E,gear_stick
C40885722w,gear_stick
f15625319Q,gear_stick
B42019578p,gear_stick
T65731704H,engine_check
e30424190o,gear_stick
w-1081221i,gear_stick
E48110445u,gear_stick
u73256394H,engine_check
m17237645h,engine_check
q-1403429B,engine_check
E-1889080W,engine_overheat
b-1781291I,gear_stick
P77959737c,engine_check
h17474551u,engine_check
d17705773B,engine_check
s-2080909j,engine_check
N18448941g,engine_overheat
P17953716g,engine_check
i94781425U,engine_check
L-2155385D,engine_overheat
Q21449479D,engine_check
z-1790906x,engine_overheat
C-4338027c,engine_check
F13621020y,engine_check
P-1981563m,another_bug
B20284663C,engine_overheat
X-5672837D,engine_check
f-8313064a,gear_stick
S16867324D,engine_overheat
l81011564d,engine_overheat
T-7878324V,engine_check
X49290901c,engine_check
N15373595s,engine_check
g-1912309G,gear_stick
G23848056z,engine_check
w-3530598y,engine_check
s-4092655x,engine_check
v60921451s,engine_check
A-5309696c,engine_overheat
a21437857o,engine_check
r-2049651S,engine_overheat
c48174687o,engine_check
n57986901A,gear_stick
J43552505w,gear_stick
X69815445k,electro_bug
Y31463755z,gear_stick
C-1846243L,engine_overheat
z10378875g,engine_check
B-1843237q,another_bug
I-8201538D,gear_stick
k-7853395L,engine_check
H-3154020d,engine_check
v11532085a,engine_overheat
o-1004837T,engine_check
E15850759P,engine_overheat
S11046237d,engine_check
i19615927E,engine_check
h24674210l,gear_stick
j-1003273K,engine_overheat
i18120580r,gear_stick
t35781257E,gear_stick
S-7977049s,engine_check
H10411834F,engine_overheat
o29701218V,engine_check
E-1304820y,gear_stick
V56226787D,engine_check
I-9571675o,engine_check
a-1832317K,another_bug
H-9271579x,engine_overheat
H15689477U,engine_check
J-8699353u,engine_overheat
S-6497022N,engine_overheat
g11521087z,engine_overheat
Q-1114187O,another_bug
a-1510716r,engine_overheat
G12673775u,engine_check
V-1604890W,engine_overheat
o-8858693p,engine_check
F84870593a,engine_check
j17532274g,engine_overheat
l-1283385g,engine_check
s-2062095H,engine_overheat
X13157100E,engine_check
h-2273764e,engine_overheat
B-2140476J,gear_stick
p-8263041e,gear_stick
Y-1681893d,engine_check
w-1017091K,gear_stick
M-1236720D,engine_check
I-7194770x,engine_check
m13987388S,electro_bug
w17315089Z,electro_bug
f-1380237E,engine_overheat
P10499796W,gear_stick
l-1844181l,gear_stick
g13957568L,engine_overheat
R-5598576l,gear_stick
n59321309Q,engine_overheat
R-1193631X,engine_check
y-2178923H,gear_stick
m73284992F,engine_check
Z-2537370X,engine_check
t17276860j,engine_overheat
y33047270r,engine_overheat
b-9079908N,engine_check
q92579907V,engine_overheat
Z94669875T,engine_check
M86375856k,engine_check
c23067621B,gear_stick
L-1838617u,engine_overheat
s-1063517N,engine_check
x-1172003m,engine_overheat
Q10654514V,engine_overheat
A-3425095J,engine_overheat
F-1854480x,another_bug
C-1953190j,engine_check
l41267361i,gear_stick
N90091958O,gear_stick
z20306091J,engine_overheat
F94970727I,engine_overheat
M14830267a,electro_bug
i-1101173g,engine_check
l-7821340d,engine_check
I18827052n,engine_check
Z14111948t,gear_stick
T17415608q,engine_overheat
R-1068057n,engine_overheat
K-8915465U,engine_check
f-2804472s,engine_overheat
v-1578970y,engine_overheat
Q14003835G,engine_check
W14646068A,engine_overheat
o-1593719v,engine_check
C-4941408C,engine_overheat
x-9374675c,another_bug
l12294446D,engine_overheat
p15777006h,engine_overheat
w-8656872Z,engine_overheat
D66928361D,gear_stick
p-3553707D,gear_stick
M10807027o,engine_check
g12484323a,gear_stick
Z-8212382G,engine_check
u79013135M,engine_overheat
m28011734J,engine_check
C-2143786U,engine_overheat
x-2141235A,gear_stick
b44994738S,engine_check
J44930122W,engine_overheat
g32852591N,engine_check
G85830221c,engine_overheat
D10434254T,engine_overheat
R-1143403S,another_bug
N18887406C,engine_check
v14387491a,gear_stick
a87403235S,engine_overheat
I-1075712g,engine_overheat
N-1087986g,engine_check
y-6871732c,engine_overheat
A96730234u,gear_stick
a22064292L,engine_check
j-1774967Z,engine_overheat
T83338145S,another_bug
i21617445N,engine_overheat
p-1641833m,engine_overheat
z14656246B,engine_check
G-1211626R,engine_overheat
X12788823V,engine_check
c-1552425b,engine_overheat
w-2122585e,another_bug
x11964154C,gear_stick
t20645918R,another_bug
z13283849d,gear_stick
h11730518w,electro_bug
G19948827y,gear_stick
r43274910O,engine_check
e-9096071i,another_bug
d-8576748Q,engine_check
z91796444U,engine_check
F12654866z,engine_check
w-1757702F,another_bug
b-1234099Q,engine_check
v21855739r,engine_check
W-5904057t,engine_check
e-9386234g,engine_overheat
Q42074100L,engine_overheat
g-4536331j,engine_overheat
o65053979S,engine_check
F-4400642b,another_bug
X-2198546w,another_bug
c11345351C,another_bug
M-4222158J,engine_check
t-8913790b,another_bug
h-1723876L,engine_check
b11565616J,engine_overheat
s-1143093p,engine_overheat
F-1742867J,another_bug
H-1333142D,engine_check
h-2832462V,engine_overheat
n46152009j,gear_stick
A41423630m,gear_stick
w23811317g,engine_check
v-3129503S,engine_check
V-2109665o,gear_stick
i10002840y,gear_stick
A12420027c,gear_stick
Q-1710310B,engine_check
k-5059454A,engine_check
P78941617w,engine_check
X84104929Z,engine_overheat
O-5258966R,another_bug
W23785130R,another_bug
k64987032M,gear_stick
r-1560829H,engine_overheat
O-1114284b,engine_overheat
I-2189520Y,engine_overheat
z73740510r,gear_stick
F-5963184s,another_bug
F93749838u,gear_stick
d13287541C,engine_check
n12600427T,engine_overheat
R22962581A,engine_overheat
m14976299n,engine_overheat
K25148748I,engine_fuel
F17991047v,engine_check
U10000525B,engine_check
L-5185142t,engine_overheat
E22476230A,engine_overheat
y-1918667p,engine_overheat
m-8421500s,engine_check
i-6826693r,gear_stick
Q-6236402F,another_bug
H13796940X,gear_stick
b12824965u,engine_check
f25057132A,engine_check
q12615606N,gear_stick
N-2546914l,engine_check
A-9042233M,another_bug
b28088953J,engine_overheat
y12090800r,engine_check
m-3254742y,gear_stick
T11166103f,gear_stick
B-1904262o,another_bug
d-1638909M,another_bug
P20002659z,engine_check
O21101068n,gear_stick
I-2609382N,engine_check
M18031243d,engine_check
V81901707h,gear_stick
H-1873611C,another_bug
I-4335350O,engine_overheat
a-6685201O,another_bug
S68517794A,another_bug
a-5655175l,engine_check
v16259071w,engine_overheat
y21090823R,gear_stick
V16991777n,gear_stick
E-4001328d,engine_overheat
o-3515102Q,gear_stick
j49593847v,electro_bug
m-1140624S,engine_overheat
I96780719P,engine_check
W16150857p,engine_overheat
p10336196A,engine_overheat
F-1966393f,engine_check
R-5073928i,engine_overheat
i-6078322g,engine_overheat
R-1797279a,engine_check
v-1632640v,gear_stick
b44358202J,gear_stick
v21606356V,engine_overheat
a89412563P,engine_check
C14874883N,engine_overheat
j-2557842j,engine_overheat
s-8312774q,engine_check
Q83650998M,engine_check
v-1742723N,engine_check
S15039720Y,engine_overheat
X-1387510G,engine_overheat
H-2809672w,gear_stick
O16507727j,engine_check
I-6505525c,engine_check
E16516360g,engine_check
r-3744124X,engine_overheat
E-1660926L,engine_check
W41114899Y,gear_stick
J-1224401g,another_bug
z-4990028V,engine_check
S17802902i,engine_overheat
r-5223681u,engine_overheat
y40186666v,engine_check
X-7894537e,engine_overheat
n18141460t,engine_check
T-1846242d,engine_check
l19641602B,engine_overheat
Q20350184W,engine_fuel
u19545404h,engine_overheat
i-2125059a,engine_check
u20670898G,engine_check
E13629887e,engine_overheat
j-8833751a,engine_overheat
l-1270744J,engine_check
a-1444445A,engine_overheat
F13923646T,gear_stick
W15387724h,engine_overheat
e10833227Z,gear_stick
O18707780M,gear_stick
s-1070927u,engine_check
f13961290o,engine_overheat
I-2258340t,engine_overheat
Y-1108881y,engine_overheat
C-2407162B,engine_check
k-1021806U,another_bug
B58815481j,engine_overheat
Z-1497483y,engine_overheat
m-2038148P,engine_overheat
W20323505Z,engine_check
h18172982Y,engine_check
C-5107111N,another_bug
T11570167i,engine_check
E-2189846g,gear_stick
J-9051627R,engine_check
k-1266231T,another_bug
e-4843883N,gear_stick
V19603857b,engine_overheat
a10075304B,electro_bug
j20806666W,engine_fuel
p13183205N,engine_check
F-1408164F,engine_fuel
f16848135A,engine_check
m18276402k,engine_overheat
O-4852964p,another_bug
p-1032774f,engine_overheat
K-2141030h,another_bug
x33340734F,engine_overheat
A-5539031E,another_bug
K-2121488X,engine_check
S-2104296W,another_bug
V-4730687q,engine_check
m-1018494E,engine_check
f12953922O,engine_overheat
a15606967c,engine_overheat
T-2050577H,engine_check
l21058873t,gear_stick
S54991647N,engine_overheat
O-1778305H,another_bug
r-9019459m,engine_check
J-1701327Z,engine_check
W-1085488J,gear_stick
H29930196K,engine_check
t17442755k,engine_check
N16782443w,engine_check
G83616598P,gear_stick
q-7529997V,engine_overheat
m-2601611a,engine_check
r69432919t,engine_check
J85546174E,engine_overheat
F-1506247r,engine_overheat
Y21723655j,engine_check
Q15261602W,engine_overheat
M11261740O,engine_check
K50534665N,engine_check
Y-1015822T,engine_overheat
z-9596926C,engine_overheat
T-8671431r,gear_stick
R-2077630y,another_bug
I96387228J,engine_overheat
z-9815533M,another_bug
I15837837J,engine_check
P56763603O,engine_check
h-1396839K,engine_overheat
r-1477676H,engine_overheat
U42030492Z,engine_check
h64108495H,engine_overheat
l-8882948y,engine_check
n-8099641m,engine_check
f-1164209J,another_bug
g-2072833K,another_bug
R10631147V,engine_check
d-1627526q,another_bug
k-2116384m,engine_check
y12532736D,engine_check
S18268647a,another_bug
D-1193769d,another_bug
z49508882q,engine_check
l13511253d,engine_check
y11003726G,engine_check
S55044905B,engine_check
q-1419523q,engine_overheat
i12167734p,engine_overheat
n18966581A,gear_stick
s-2225812u,engine_overheat
g99706283N,engine_overheat
k-8065294L,engine_check
D-3731198o,engine_check
R-1511509a,another_bug
W-1152410B,another_bug
A-6746020J,gear_stick
i62564137B,gear_stick
V81342356X,engine_check
m70884293y,engine_fuel
T-1440241N,another_bug
J16760665u,engine_overheat
B30016393c,another_bug
n10206436k,engine_check
y15691728a,engine_check
j-1923026R,engine_check
p-2070685P,another_bug
e22835001P,engine_check
f-2044867Y,another_bug
Q-1914888q,gear_stick
h-2696405T,another_bug
G-1153171e,another_bug
n-1502387M,engine_overheat
y40441306G,engine_check
B22246797F,engine_overheat
s14991094w,engine_check
a-1190397Y,gear_stick
i11542071C,engine_check
l-2588047U,engine_overheat
Q16201384v,engine_check
w-7781882Z,another_bug
s77766899D,engine_check
z-1503313M,gear_stick
l52568818B,engine_check
v-1508530W,engine_check
m13083528W,engine_overheat
z-1243195L,gear_stick
b18857695O,engine_check
v-1905656K,engine_check
P-6659279q,another_bug
h13431746I,gear_stick
I71388786G,another_bug
R-1701492N,engine_overheat
y78999678J,engine_overheat
a-1426275y,engine_overheat
L84463953R,gear_stick
Z-2128621C,gear_stick
M18466047W,engine_overheat
g21645452f,engine_check
o-1663812b,engine_overheat
Q-1984603t,engine_check
q23501901h,engine_check
d-5544396q,gear_stick
s-7084701f,engine_overheat
g10084745U,engine_overheat
D-9891385q,engine_overheat
D11776354f,engine_overheat
B18579200J,engine_check
X73810314E,gear_stick
s-2223156w,engine_overheat
D82568273x,engine_check
k-1107234s,engine_overheat
T-1805505r,engine_overheat
u-5015974t,engine_check
t-8201245H,engine_check
X24084222O,engine_fuel
K-1916013Q,engine_check
J10576054I,engine_check
g21476323Y,engine_overheat
J22595982W,engine_check
d15745111A,engine_check
V20296571Z,gear_stick
t78589983m,gear_stick
R-6055154h,engine_overheat
o-5397363T,engine_fuel
y-1784222v,engine_overheat
S-1513382W,another_bug
g-5563252F,engine_check
a-1166334r,another_bug
Y21096922W,engine_check
s10535398K,engine_check
Z-5188222t,another_bug
T22900577z,engine_overheat
i10344980A,engine_check
X-2263190K,another_bug
a-2111343W,engine_overheat
k-1183222H,another_bug
x42906942Y,engine_check
m16863308b,gear_stick
Z10247738u,engine_overheat
i12798082E,gear_stick
C91514695x,engine_check
h61870657i,engine_check
C-8768079q,another_bug
O-7894514e,engine_overheat
Z-1926882U,engine_check
N-3121550V,engine_check
z-1254537O,another_bug
u-1514787e,engine_check
n-4360079R,engine_overheat
O-2113046Z,another_bug
d13819532H,engine_check
d54261887d,engine_check
P-2048739B,gear_stick
f-1825133R,another_bug
q-9928373B,another_bug
S29542128Q,gear_stick
J-1782910O,another_bug
t17410389g,gear_stick
Z17995139Z,engine_fuel
Z11671085y,engine_overheat
D-7723622B,engine_overheat
N-1539010p,engine_overheat
u54154743P,engine_check
j16845365O,gear_stick
k-1171716I,another_bug
G81601770L,engine_check
K-3529763Q,another_bug
b-1404013d,another_bug
O-1398534Y,another_bug
l69679835h,another_bug
G14568186a,engine_overheat
a-9442555A,engine_check
G-1689492g,engine_overheat
W12690163c,engine_check
l17843143j,engine_check
Z76981204Y,engine_check
b16524531u,gear_stick
P83526152o,gear_stick
z-4612131R,engine_overheat
s50463458T,gear_stick
u12928592s,gear_stick
U-1897169L,engine_check
j-1549044A,engine_overheat
Q87875664U,engine_check
q13885185m,gear_stick
C16715520C,engine_overheat
T-1727751h,another_bug
m27082215N,engine_check
e-8788520s,engine_overheat
v36899226P,gear_stick
Y-2254716H,engine_overheat
D-3425990U,engine_check
b-1050475p,another_bug
w-1941558Q,gear_stick
d-1134540I,engine_overheat
K30520180u,engine_overheat
q71640430n,engine_overheat
y10948537e,engine_overheat
a16152476X,engine_overheat
F-7462902B,engine_overheat
t-3967937s,another_bug
o-1118236T,engine_overheat
g-1760425A,engine_fuel
b-5227653R,engine_overheat
h-7408890w,another_bug
K70391511e,engine_overheat
V13438854p,gear_stick
g-1740147b,another_bug
J-1324072f,another_bug
g53382924v,engine_overheat
x33005281c,engine_check
e24148786o,gear_stick
I-1503695V,engine_overheat
E58388206y,engine_check
y13484815Y,gear_stick
R-2027359R,another_bug
Z17729553x,engine_check
H-1512213s,engine_overheat
V-1552956h,engine_check
H15345413o,engine_overheat
w17370680J,gear_stick
J15476551r,gear_stick
c-2250495g,engine_check
Z17599412A,engine_overheat
v57643253w,engine_overheat
V-5494479D,another_bug
g-1126074r,another_bug
Z80579540o,gear_stick
c-7272329q,engine_check
z21450941n,engine_overheat
k-2034944s,another_bug
B-1760099A,engine_overheat
a61936474Y,engine_overheat
k86159975d,engine_check
A10692422a,gear_stick
r11362699a,gear_stick
B-5479705C,another_bug
I98930031r,engine_overheat
Z-1084098i,gear_stick
b55045663j,gear_stick
h10096493s,gear_stick
n13675758u,electro_bug
v-1469151Y,another_bug
R21100020a,engine_check
H-1226800z,gear_stick
l13980749p,gear_stick
D-1518430R,engine_overheat
h13825532e,engine_check
Q18803510e,gear_stick
w69467024a,gear_stick
a16149566K,engine_check
R10923215L,engine_overheat
H15481815Q,engine_check
C-5040526N,engine_check
m-2182440Q,engine_check
P-4006382C,engine_check
Y-2235574M,engine_overheat
H-1070903M,engine_check
w16163650F,engine_overheat
I21674635Q,engine_check
Q-4587219M,another_bug
N10540578u,engine_check
w-9916167W,engine_check
g-1742741c,engine_check
n-1575803E,engine_overheat
N31059484x,engine_overheat
H-1342764P,gear_stick
X58767632q,engine_overheat
S20355997J,engine_check
q30806358i,engine_check
W-1775855Q,engine_overheat
j92079780S,engine_check
f63189062N,gear_stick
x-1205366S,another_bug
H-1902314v,engine_check
f10226409O,engine_check
Q-4235244W,another_bug
P-1715787u,engine_check
x-1532496K,engine_overheat
s-1076835x,another_bug
m76785981z,engine_check
u-3215458S,another_bug
H-1919071i,another_bug
p-1139197T,engine_check
R95310344Y,engine_overheat
e22646530u,engine_check
o49311084b,gear_stick
x99598782E,engine_check
Q-8465743r,engine_fuel
K13600113i,engine_check
x55379265k,engine_check
F-1518753o,another_bug
e-2020384H,engine_check
n-4605215n,engine_check
q-4584627S,engine_overheat
O78712164p,gear_stick
j-1598707G,another_bug
d-1282472g,engine_check
h-2287342p,another_bug
s-7266626x,engine_check
z-2843006O,gear_stick
m21557315K,engine_overheat
j18870600U,gear_stick
H-7836096t,gear_stick
k19151173f,engine_overheat
g-1280182Z,gear_stick
d-6211776r,engine_overheat
u-1590555V,electro_bug
c-1204255L,another_bug
f-8810014g,gear_stick
S11009197l,engine_check
g-2087791I,gear_stick
V12754137r,engine_check
T-1769393Z,another_bug
I-1117298r,engine_check
P90790412Q,engine_check
c-7401486X,engine_overheat
A21009715v,engine_overheat
P94512494l,engine_check
J58385372M,engine_check
z11059333N,engine_overheat
r13675823Y,engine_check
O23192334Z,gear_stick
h72663703o,engine_check
u39852752H,engine_check
y75359172F,engine_check
C63413357V,engine_check
H-2218041i,engine_check
S12392431C,engine_overheat
c10273234z,engine_overheat
J-1675931Y,another_bug
r15326588O,engine_check
O22786315O,engine_overheat
M14034762V,engine_overheat
d-8796835F,engine_overheat
L-1687146I,engine_overheat
a16452738i,engine_overheat
e-1589877h,another_bug
w-2228220D,engine_overheat
v73920097R,engine_overheat
B10305712m,engine_check
w17382345v,engine_check
h86663077a,gear_stick
d-1261412O,engine_overheat
N-3542587r,engine_check
q-1127410X,engine_overheat
m-1248909g,gear_stick
Z-1350437Z,engine_overheat
G-7472388v,engine_check
K18306053r,engine_check
t-1389922J,gear_stick
w13418612e,engine_overheat
d11818528X,engine_check
v-4393931r,engine_overheat
a15124892o,engine_check
l36861534V,engine_check
P21146775A,engine_check
B-8559176x,engine_check
s-1233979x,another_bug
N50018445X,engine_fuel
E-4220998I,engine_overheat
D28621238x,engine_overheat
r35592741h,engine_overheat
S-2179649Y,gear_stick
H-1135423y,gear_stick
J97849965O,gear_stick
W21048865S,another_bug
P10539613v,engine_overheat
r-6268123s,another_bug
A19893808P,engine_check
c12458019K,engine_overheat
r16624906R,engine_overheat
s-1701601T,engine_check
l-2073691v,engine_overheat
s-1227750Q,gear_stick
n-1588210t,engine_check
L-1950271Y,engine_check
L45819441T,engine_fuel
X-1102199i,engine_overheat
Y42307620l,engine_overheat
c11493622d,gear_stick
s74743326E,engine_check
v92032706J,engine_check
l40017744S,gear_stick
F-1561156R,another_bug
F-3458483b,another_bug
Q-1573004E,gear_stick
I18762244f,engine_check
x61993910W,engine_check
f70384121H,engine_check
b34607341j,engine_overheat
s-1544537d,another_bug
T-2651777L,engine_check
Z-1690934p,electro_bug
z-1383208d,gear_stick
F-2091675H,engine_check
p-1026598C,engine_overheat
C-5229733d,gear_stick
t-5863497D,engine_check
F14893199L,engine_overheat
E-9761828K,engine_overheat
r-3626163O,engine_check
D-1975819d,engine_check
n86645963R,engine_check
I-6482386t,another_bug
z11959313t,engine_overheat
d19312186N,engine_overheat
C11156821F,engine_overheat
z19283639B,gear_stick
D-1246382Y,another_bug
D14445025c,gear_stick
j25666218Y,electro_bug
E13352088w,engine_check
v44596260Q,engine_check
c13976633o,engine_overheat
z16908407t,engine_check
P15083043i,gear_stick
p-7727399o,engine_check
W-8604738y,engine_overheat
J22352968u,engine_check
G-7187279a,engine_overheat
G-1183057B,another_bug
E-1556800P,electro_bug
N16753727A,engine_overheat
U-1860241R,engine_check
f92515288W,engine_check
q-1553054h,another_bug
d-1766392g,another_bug
z-9268730t,engine_check
D-1137759f,engine_check
Z22301798u,engine_check
d-2160500k,engine_check
f80644426f,engine_check
u-1069219e,another_bug
V70870192k,electro_bug
M15122410M,engine_check
F19935095V,engine_overheat
m92437987f,engine_check
o-1720442f,engine_overheat
Q-2043032T,engine_overheat
k15728070F,engine_overheat
i-4298300y,engine_overheat
C-1549576C,engine_check
w-8322851c,engine_check
H-2195683Y,engine_check
b20675115I,gear_stick
w14143210k,engine_check
s17437438h,engine_overheat
Q12901548n,engine_check
I23394317X,engine_check
S10630331i,gear_stick
N15239751A,engine_overheat
t11482362Y,engine_check
c-1160907G,engine_overheat
t17520024W,engine_overheat
G16918724z,engine_check
T-5518367u,engine_overheat
K-2047259i,engine_check
e-2894582l,another_bug
u-6774973B,engine_overheat
U-1642617V,engine_check
Z19453799u,gear_stick
V80070476Q,gear_stick
L-1777501Y,engine_check
M-3275863u,another_bug
D-1131723O,gear_stick
s12292138c,engine_check
d-2073713s,engine_check
U-1440005A,engine_overheat
D17587481H,engine_check
O-2089662s,engine_overheat
l-1247871G,another_bug
Q48397067x,engine_check
G18135304s,engine_overheat
s52741082h,engine_check
R37055375H,engine_overheat
t-1505206e,engine_overheat
m-7073285w,another_bug
e-1963742G,another_bug
R41701461o,engine_overheat
P-1572930P,another_bug
m19821763X,engine_overheat
D-5247175p,another_bug
I-4491426o,gear_stick
c-5796367L,another_bug
D68676642F,gear_stick
B87840170Y,engine_overheat
E-1074824O,engine_check
L-2105285X,gear_stick
A18722372t,gear_stick
t-1655791x,engine_overheat
R26898137t,engine_check
x73165245L,gear_stick
H10144433Z,engine_overheat
o-9460824A,engine_check
h-4056890V,another_bug
S71464104w,engine_overheat
Q-3414660J,engine_check
D24219627Y,engine_check
g-5564720R,engine_overheat
g-5327257o,gear_stick
z16965935R,engine_fuel
W-5886969z,gear_stick
Y61608416T,gear_stick
H-5193657t,engine_check
r14798824O,engine_check
q-1329704C,another_bug
W-1162613s,another_bug
q-1451412w,engine_check
s10825773A,gear_stick
W-1322764B,engine_check
C-1335407d,another_bug
Q-1854633d,another_bug
j12033464t,engine_check
x-1653730E,another_bug
L-1459492G,gear_stick
A18622071d,engine_check
G12921056E,engine_check
M17587699m,engine_check
H11201074S,engine_overheat
g61901962A,engine_check
W-3006427Z,engine_check
f21354327c,gear_stick
L-1435343R,gear_stick
K-9089430v,engine_overheat
u89834900L,engine_overheat
K-6843993d,gear_stick
g19283665q,gear_stick
V21055732W,engine_check
L20847256I,engine_check
K20941520F,engine_overheat
s-1506268E,another_bug
s13306845G,engine_overheat
t14118502r,engine_check
l-1141377S,engine_check
M63300651V,electro_bug
O-1741687v,engine_overheat
J-1064181u,engine_check
R-2596313V,engine_overheat
i-1845254S,another_bug
k-1573458g,gear_stick
Q-7165920T,engine_check
K-7253573V,another_bug
u-2045579o,engine_overheat
o-7174642t,engine_check
W38257448E,engine_overheat
R15758843A,engine_check
j-1164533d,another_bug
K19878738u,engine_overheat
F-1356357a,engine_overheat
s18773736B,engine_check
f-2195380L,gear_stick
I16894729d,electro_bug
x73377373J,gear_stick
A13983367R,engine_fuel
W90386436H,engine_overheat
d-1208731e,engine_check
E10689597V,engine_check
e18535481H,gear_stick
C-1401160X,another_bug
D-8642892Q,electro_bug
y-9607515v,engine_overheat
R39433396K,engine_check
o14616394R,engine_overheat
r21184266q,engine_check
f21015538f,gear_stick
j18832518Q,electro_bug
m73046504n,electro_bug
B-9791729R,engine_overheat
k13021113b,engine_check
G89078774t,engine_check
r-1060256J,another_bug
F-1410401k,engine_check
S12437589H,engine_overheat
o-1474795Y,engine_overheat
v-6600194g,another_bug
e69316734g,engine_check
F14045081A,engine_check
p-2049920L,another_bug
Z-4995244V,another_bug
Q28342682U,electro_bug
i20932780E,another_bug
T-3474422m,engine_overheat
A-2251370Z,another_bug
a13118905A,another_bug
o-5518912i,engine_check
r13112137S,engine_overheat
L-1172603K,engine_overheat
F15323913w,gear_stick
b41466140L,engine_check
H-1126826u,gear_stick
S80787227y,engine_check
g62902770K,engine_check
c21339742C,engine_overheat
o-8291576Q,engine_overheat
A16177147F,engine_overheat
V-7911017W,another_bug
I12484436u,gear_stick
u-2985309w,engine_overheat
i-7675958l,engine_check
Z-2003336X,gear_stick
R17548053Q,engine_check
T-3625019V,engine_check
G58798171H,engine_check
X14239142s,gear_stick
W-1663352r,engine_overheat
R10053414j,another_bug
E11344405c,engine_check
E41968356d,engine_check
n-1774226C,gear_stick
v50135109z,gear_stick
v-2502243y,engine_overheat
k81607148Q,gear_stick
y-1159389K,engine_overheat
Z-9551096Z,engine_check
z73398830W,engine_check
S-2180379V,another_bug
Y19585916c,engine_overheat
F-1772949E,engine_overheat
N-4056140F,engine_check
M20457206h,engine_overheat
f-2054559Z,engine_overheat
C-1947908i,gear_stick
Z-1004053E,engine_overheat
E16706596Y,engine_check
L-1236498L,engine_overheat
M21428480q,gear_stick
g34212838O,another_bug
i77678921h,engine_check
s-1993335Q,gear_stick
w-1217800P,another_bug
m-4445026W,engine_check
w-1020644b,another_bug
r-1878207s,engine_check
S-2803516o,another_bug
g31689700a,gear_stick
L-3828198a,engine_check
p-2023967W,engine_overheat
R93384932a,engine_check
o27482006r,engine_overheat
o69465373z,engine_check
x-2214584G,another_bug
F16677411t,another_bug
B-8278342d,another_bug
w14795716n,engine_overheat
q21418139n,engine_overheat
k58875945X,engine_overheat
E10178721V,engine_check
y54427123h,engine_check
N-1116467g,gear_stick
L-1098436W,another_bug
K15170901N,gear_stick
y-1741356P,gear_stick
z-4349749h,engine_check
y-6566782r,engine_check
T-1729770o,engine_fuel
V-8483576f,engine_overheat
a39440404D,engine_overheat
i51467047f,engine_overheat
H-1369852D,engine_overheat
M-9668613M,engine_overheat
q-1575533Y,another_bug
F-2122411I,another_bug
c-2121060b,another_bug
H22186863I,engine_overheat
d68073068W,engine_overheat
D-7066589I,another_bug
o11670334e,gear_stick
G-1501141U,engine_check
x-6577654c,engine_overheat
i22784686n,engine_check
Q36627447o,another_bug
a-2079734V,engine_overheat
P17112537M,electro_bug
I-2947258i,engine_overheat
d-7058280z,engine_overheat
V-6734711I,another_bug
x16070571D,engine_check
A99628604w,engine_check
c-3559292Z,another_bug
D-1642232Y,engine_overheat
H-2177827U,another_bug
t43860654e,engine_overheat
O-2567044a,another_bug
y-1456481W,engine_check
F-1311521c,another_bug
W-1338521Q,another_bug
S21521405j,engine_overheat
j-9167677u,another_bug
E22045798o,engine_check
i15589390k,engine_overheat
l15227760Q,engine_overheat
h-6100646F,another_bug
L-2071083z,gear_stick
Q-1583701a,engine_overheat
J-1966936j,engine_check
p97277001v,engine_overheat
A-1959167m,engine_overheat
b-1232634R,another_bug
C14499779J,engine_overheat
A-1900042l,engine_overheat
D47614465T,engine_overheat
i55328849i,engine_check
L14501903b,engine_overheat
U61603538T,gear_stick
Z-2000448T,engine_check
V21733186R,engine_overheat
x38176093d,engine_overheat
S-1872523D,gear_stick
U-9105241l,engine_overheat
d-1067020V,engine_check
T13652201h,gear_stick
v83124010d,engine_check
c-5320374q,another_bug
P-5877829p,engine_fuel
K-4097683X,another_bug
X73607704q,engine_overheat
d-1645612W,engine_check
M-1949772G,another_bug
d-9809366C,engine_check
v-9133799l,engine_check
j16496771g,gear_stick
p98074932P,gear_stick
G-1685085q,engine_check
L-1156474z,gear_stick
n-7286817N,engine_overheat
G17139758L,engine_overheat
M-4377864u,another_bug
u10884582m,engine_overheat
c-1819930r,engine_overheat
I-1016418u,engine_check
f-8509753a,engine_overheat
f10270915c,engine_check
I50788104J,engine_overheat
m-1618295c,engine_overheat
Q11656086H,engine_overheat
b17685766M,engine_check
n19528133d,engine_overheat
I-2222955D,engine_check
U14909638n,gear_stick
P19518709T,engine_overheat
V-1888434u,engine_overheat
R53321573r,engine_check
U12552466o,gear_stick
m21172670I,gear_stick
d71004474f,engine_overheat
n-6003131B,engine_overheat
w45505269O,engine_check
v22456431E,engine_check
D20302252H,engine_check
E-1789284H,engine_check
F21755120L,engine_overheat
y-2096513h,another_bug
X38064587K,engine_overheat
j36860430F,engine_check
M-1188559U,another_bug
M-1057522s,another_bug
r-1767573M,engine_overheat
N-2165696F,another_bug
l-9002229j,gear_stick
Q13796033u,engine_check
E20487110v,engine_check
U54007251T,another_bug
k-1001578G,engine_check
m-1316228Q,engine_check
x38424933t,engine_check
z42577454j,engine_overheat
h15726678G,gear_stick
J-2100035F,engine_check
u12997600r,engine_check
G-1444514J,another_bug
r80685540h,gear_stick
i-2886682y,gear_stick
U12958604d,gear_stick
Q-2285147y,another_bug
d-5980296U,engine_overheat
r-5694899j,another_bug
y-3995748C,engine_overheat
H-1417790G,engine_check
h66072023A,engine_check
m-8844106y,another_bug
V-3922506p,engine_check
P-7215920v,another_bug
v-1334609Q,engine_check
y-2901647k,engine_overheat
P41449662O,engine_overheat
N17048798L,engine_check
o-3239309x,engine_check
f-4517248O,engine_check
i20236215k,engine_overheat
c-1909821W,gear_stick
S-1058341S,another_bug
Q27397166k,gear_stick
m-2234361C,another_bug
y-1310937L,another_bug
h11115340f,engine_check
C-2095125S,engine_overheat
H-1012725h,engine_fuel
A-5953942h,engine_check
b-5677746H,gear_stick
b-2174248s,another_bug
J-1468143m,engine_overheat
d-1590616X,engine_overheat
A-2010794j,another_bug
S10025512H,engine_overheat
F62717656N,engine_overheat
Q-9015964Z,another_bug
e60616052a,engine_overheat
O-1094429s,engine_check
G-3730407g,another_bug
W17258092O,engine_check
Z-8046890f,engine_check
C-1531638p,gear_stick
b16129006F,engine_overheat
O20309077v,engine_check
G-1150322W,engine_overheat
v-1523714V,another_bug
m41491349u,gear_stick
N-2592617I,engine_overheat
b15147844G,engine_check
J-1119809Z,engine_check
x13343580w,engine_check
R88463379h,gear_stick
w-5790710u,another_bug
w20420004F,engine_check
J-9110297t,engine_check
E15110775p,engine_overheat
j-8044553g,engine_overheat
F16044963S,engine_check
R91630921n,engine_check
A-3836077o,engine_check
s-2202835E,another_bug
O-2222377Z,gear_stick
s22484554J,engine_check
D88984934M,engine_check
X19668940Y,engine_overheat
D-1808806N,another_bug
j18586699W,engine_overheat
H69080088J,engine_fuel
n12252517h,engine_check
i-1711813H,engine_check
S10721675C,engine_overheat
X-2170601O,gear_stick
i97387429H,engine_check
d22008645E,engine_check
n-3455333h,another_bug
B23739608U,engine_check
F-4198459W,engine_check
B-4284440k,engine_check
G-6904316x,another_bug
N-1095600Q,engine_check
D-1029823M,another_bug
d88026009F,engine_check
P-1279354K,engine_check
S-2221955m,engine_check
U-2195930Q,gear_stick
L-1748371J,gear_stick
C-1092574s,engine_overheat
x78336615j,engine_check
d22823530e,engine_overheat
f-5599112Q,engine_check
w12601279c,electro_bug
O12999011Q,engine_check
D39654489v,gear_stick
G-1119002U,another_bug
x-1331259n,another_bug
x-1366202T,another_bug
e22337672e,engine_overheat
h11974580h,engine_check
b-1924728p,engine_check
t-8150753L,another_bug
i16707497b,engine_fuel
d40778348c,engine_check
x-6745292f,engine_check
Q-1197469B,engine_overheat
y19339480p,gear_stick
E-1574398v,engine_check
F-1541843G,another_bug
J-1898029b,gear_stick
i-2267354V,another_bug
z-1706928C,engine_overheat
h16480906Q,engine_overheat
b20875811r,engine_overheat
g57509660G,engine_check
i10233407e,engine_check
b-1633141B,engine_overheat
r44343477P,another_bug
X10140728m,engine_check
u60678999S,gear_stick
X66836862t,gear_stick
r-2626717n,engine_check
l25990633r,engine_check
o16159959N,engine_overheat
P-8366433v,engine_overheat
D-1742188V,engine_overheat
q15163647k,engine_overheat
m-1582917S,another_bug
u15259964F,gear_stick
M-1332669r,engine_overheat
F-2033009p,another_bug
w15256527O,gear_stick
v-2214221g,gear_stick
u-8176531i,engine_check
B44546931a,engine_fuel
C-3329059P,gear_stick
z48466812V,another_bug
N91717170a,engine_check
h10197943p,another_bug
f-1804114y,engine_overheat
y65839268d,gear_stick
s20690018N,another_bug
Z16406378j,gear_stick
r-6401544e,engine_check
A74571031O,engine_check
I-1022513U,engine_check
M-1528828l,engine_check
w-5395626f,another_bug
U15424894F,engine_check
X-1521550g,engine_overheat
b-1756095Y,another_bug
S-4942615g,another_bug
a-1170299l,engine_check
W20898223q,gear_stick
u13780325P,engine_overheat
q35175771e,engine_check
K81291347a,engine_overheat
G15557106t,engine_check
y21647488o,gear_stick
O-2154805o,engine_overheat
D11355691L,engine_check
t60412618s,engine_check
M15952724y,engine_check
k24372320c,engine_check
J16859061o,engine_overheat
M11049568F,engine_overheat
z11525648X,engine_check
u41400760y,engine_overheat
V48666541E,engine_check
t-1305628R,engine_overheat
F20989471t,engine_check
G19704655v,gear_stick
h-1084715m,engine_overheat
X13848460A,engine_overheat
H49107775b,engine_check
V-2127600s,another_bug
M-2221760V,engine_check
w-2040826k,engine_check
Z15550264W,gear_stick
b-8727186X,another_bug
g10838650B,engine_check
d19534101p,engine_overheat
j-8523085j,another_bug
Y-2259833v,engine_overheat
y40076926G,engine_check
m21197630U,engine_overheat
J-9282883I,another_bug
y-1593526o,gear_stick
R18548797W,engine_overheat
M78454309n,engine_check
H-1952766q,engine_check
O-7318695N,engine_overheat
Z-1382353b,engine_check
y33995729F,engine_check
A-1931285c,gear_stick
b-4023465w,engine_overheat
y28247093F,engine_check
b-2099867z,gear_stick
N13810671e,engine_overheat
M-1208274P,engine_check
E94491875l,engine_overheat
p14296940a,another_bug
e-5032325d,engine_overheat
f-2278644T,engine_check
N-1449511Y,engine_overheat
R72473068v,gear_stick
K15727484r,engine_fuel
x-1530392k,engine_check
m14032324U,gear_stick
o-3502321X,gear_stick
M-9369867A,engine_check
e-1176726O,engine_overheat
F-8971471f,engine_check
w16001206y,gear_stick
T24942626H,engine_check
Z-9250568A,engine_check
R20946794F,engine_overheat
y-3708778R,engine_check
d-7461024X,engine_overheat
r-1304067j,engine_overheat
M-1727464u,another_bug
X12353297J,engine_check
t19399198h,engine_check
a-2221133L,engine_check
n15134422D,engine_fuel
e-1041702t,gear_stick
Q-1108615n,another_bug
r67742622z,engine_check
Y77630283F,engine_overheat
I-8740476B,engine_check
f12831819d,engine_check
y-2117938S,engine_overheat
X13552128w,engine_check
m89915934c,gear_stick
u12923191V,engine_check
g64040787A,engine_overheat
B53432209f,engine_check
Q18090458O,gear_stick
v11087640F,engine_check
s-1018199L,engine_overheat
T15119744o,engine_check
E-2442116D,engine_check
l93168360C,engine_check
Q52925581k,engine_check
k11571129f,gear_stick
K18787489X,engine_overheat
i17417440r,engine_overheat
H-9338402M,engine_check
e18576123A,engine_check
L93331905w,engine_overheat
G18790404J,gear_stick
H19063606t,engine_check
A82111385d,engine_check
l96257336G,gear_stick
c31569057o,engine_overheat
O-2283230Y,another_bug
B-6097000E,engine_check
s-8423183t,engine_overheat
p16672632d,gear_stick
J11698270E,gear_stick
G22172959I,engine_overheat
I21909345v,engine_check
m13540768n,engine_check
N-2047707A,engine_overheat
q15473703P,gear_stick
b28091206k,engine_check
d-2060227V,another_bug
D23788223O,engine_check
k-1947529W,engine_fuel
b-9715554C,another_bug
q-5271670J,another_bug
u12970971g,engine_overheat
n-6059768d,gear_stick
L22185348p,gear_stick
O13331241u,engine_check
L16141312N,engine_check
W38697890A,gear_stick
u-2120761B,another_bug
c66464279D,engine_overheat
e13156563s,engine_check
T42238184L,gear_stick
D-1336442P,another_bug
E-5337479S,gear_stick
X95516419Q,engine_overheat
H-2355000g,engine_check
s-5301854b,another_bug
u-2940182P,engine_check
G-9079594w,engine_overheat
Z20606311h,engine_overheat
t-6922750L,another_bug
Q21391218q,engine_check
u12977186v,engine_check
h13802624r,engine_overheat
I-1538597J,another_bug
X11025811v,engine_overheat
S-2294339s,engine_check
g13118176m,gear_stick
S21991071M,engine_check
L10129399Y,engine_check
Z13161380J,engine_check
J-6052671x,engine_overheat
e11908473n,gear_stick
U-1131662Q,another_bug
h54754410l,engine_overheat
w68053735H,engine_check
A31292617m,engine_check
V45384349q,engine_check
k-1087627k,gear_stick
Q-1888317Y,engine_overheat
Q-1456372K,engine_check
S19572879o,gear_stick
j13287780b,engine_check
X-1427883w,engine_check
t12980699M,engine_check
K-9081250O,another_bug
N96928373A,gear_stick
r19349335d,engine_check
D22898421E,engine_check
A-7650056Z,engine_overheat
B-1572757V,engine_check
D11212854M,engine_check
H62136397R,engine_check
n16749457W,engine_check
c-1411220k,another_bug
g-8950344h,engine_overheat
g28465883Y,engine_overheat
O-3470382z,another_bug
C-7657933N,engine_check
n-7904705X,engine_check
E-2002668A,gear_stick
E15401424s,engine_overheat
Q-1558145Z,another_bug
j-1474542d,another_bug
J51767292L,engine_check
M-1609284U,engine_overheat
O32025767k,engine_check
G-4998152Q,engine_check
d-8684879I,engine_check
c11762411c,gear_stick
T61957630q,engine_overheat
e-1246632H,another_bug
a96529450S,another_bug
m-1300432a,another_bug
H-1232380o,another_bug
U18643336W,engine_check
E42133174Y,engine_fuel
N-2173692X,engine_check
O15299283X,engine_check
Y11513708Q,engine_overheat
I14426935X,gear_stick
L-1576450f,another_bug
L-2066997I,another_bug
g20198311v,gear_stick
K-1750463c,another_bug
A48818516t,engine_overheat
b12102660G,gear_stick
C-1721101w,engine_check
L21617225g,engine_overheat
y18690561q,engine_overheat
Z-2044688T,engine_overheat
w-3300489y,engine_check
o43682483i,gear_stick
p-2177230P,gear_stick
d53962651M,engine_check
h-1079130a,engine_check
d-1063018h,another_bug
e12616376T,engine_overheat
g-1997866b,another_bug
p22351271i,gear_stick
s18801959g,electro_bug
W-1146682H,engine_overheat
Y21010106g,engine_overheat
N-1493098E,engine_overheat
a16757494v,engine_check
L31333870v,engine_overheat
O-1116026m,another_bug
a-1327017v,another_bug
J32481265i,engine_overheat
u-7465003y,gear_stick
C-8282660x,engine_check
z-1194508g,engine_overheat
M17131119X,engine_overheat
A16430015I,engine_check
T21560454W,engine_overheat
d-5044364D,engine_check
A-4567027H,gear_stick
l14731037p,engine_check
j21216284z,engine_overheat
w18663416B,engine_check
N-1067764s,another_bug
a96316507d,engine_check
Q-2863519f,engine_overheat
R-4412745F,engine_check
w-2100178z,engine_overheat
N12140841u,engine_check
v-2217035r,another_bug
j22675199u,gear_stick
Y-2060323c,gear_stick
H-9946877t,engine_overheat
V24408620j,engine_overheat
D20994817l,gear_stick
d-5916656a,engine_check
r-1888435Q,another_bug
s-8011046y,engine_check
l-8338225N,gear_stick
N17651234L,engine_check
t-1660621F,engine_check
A-4300243z,engine_check
Q-1531120K,engine_overheat
b14483061v,gear_stick
p13496102g,engine_check
f-3084055k,another_bug
b-7106735g,engine_overheat
B-5818398M,another_bug
k-6134216L,engine_overheat
q-8983496T,engine_check
c21152319h,engine_overheat
u22537189s,engine_check
S42898575W,engine_check
u-2592615u,another_bug
U15973213W,engine_overheat
a-1555492o,engine_overheat
T17948597q,engine_check
K-1596430s,engine_check
t70806905i,gear_stick
Q-8927952V,gear_stick
b-1699417D,engine_overheat
l-1528999M,engine_overheat
i-1075099j,gear_stick
g-1203735u,another_bug
N68342352J,engine_check
t19684834s,engine_check
P28960538x,gear_stick
k70721764Z,engine_overheat
P35164993z,engine_check
v-1084231t,gear_stick
P62164543W,engine_overheat
V-1603027E,engine_check
r-3939023a,another_bug
D-1008484E,electro_bug
Q-2192864t,gear_stick
m97152459x,engine_check
n79502261g,engine_check
I-1934004o,engine_check
w-8712305w,engine_check
t19569988O,engine_overheat
w-6743502g,engine_overheat
e17224457A,engine_overheat
N25093826z,gear_stick
k53344668C,engine_overheat
c18837598f,engine_overheat
o55235221X,engine_overheat
x83440968Q,gear_stick
a-2129214S,another_bug
O16337155M,engine_check
o-1780770o,engine_check
O-1008421H,engine_check
a33313854t,engine_check
M45840955U,engine_check
q22701640I,engine_overheat
J-2186173q,gear_stick
T-9875021z,gear_stick
B16049866X,engine_check
i19613288g,engine_check
P52156891U,engine_check
q-1768505B,another_bug
D-1867285e,engine_overheat
l-2092770w,engine_overheat
Z15287780R,gear_stick
O18471034K,engine_fuel
p20324322c,gear_stick
p-8776685b,another_bug
A12568692Y,engine_check
G62487539y,engine_check
y-7520188c,engine_overheat
U-3855489z,engine_check
j47796305l,gear_stick
S-6466908z,engine_check
Z-2472770a,engine_overheat
B72054123K,gear_stick
P63973841b,engine_overheat
u95341442h,engine_check
z-5617263I,engine_overheat
s-1440522g,engine_check
w-1350890O,another_bug
b-1785569X,engine_check
N17581389s,gear_stick
Z-6866329f,engine_overheat
a15357539b,engine_overheat
y-1168665M,another_bug
X-1688379x,engine_overheat
Z73577393A,engine_check
r-1140095D,engine_overheat
k17692433t,gear_stick
a-2924229p,gear_stick
I19994305a,engine_overheat
R16189354h,engine_check
f61508634I,engine_overheat
S56454866u,gear_stick
u-2542978x,engine_check
p36642359W,engine_check
z22596029p,gear_stick
j13578702a,engine_overheat
m41690051B,gear_stick
C-1990447o,engine_overheat
f17350995b,engine_check
A13722291q,engine_check
c-8926473m,another_bug
R-1161362E,gear_stick
E-1829228V,engine_check
f-1106666p,engine_check
B-1345652W,another_bug
e-3819053E,engine_check
H12470081t,engine_check
Y-2395041a,another_bug
m-6830168g,another_bug
n-1048550o,engine_check
p-4620845q,gear_stick
z-1908457z,engine_overheat
r11798594T,engine_check
n-1078109P,gear_stick
g21697086z,gear_stick
i-3020701S,another_bug
B51449710T,engine_check
G17715538Y,engine_overheat
d85134463X,engine_check
M-5383474I,engine_check
u79799419P,gear_stick
h20236568A,engine_overheat
Q-1319605b,another_bug
d-1613102p,engine_overheat
S41123157J,engine_overheat
x-1174319N,engine_check
V-1073406u,gear_stick
V21379614l,engine_check
z-3747302L,engine_check
y-2605432W,engine_overheat
g21854185N,another_bug
E98324062j,engine_check
Y97110971P,engine_overheat
X-3262812p,engine_overheat
H-1041344f,gear_stick
c96102825T,engine_check
F-8514150E,engine_check
n14484446O,engine_check
H72378904z,engine_check
U22558213g,gear_stick
e-1228757n,engine_check
L-5297416Y,engine_fuel
j-1143057h,engine_overheat
p-1573015A,another_bug
U65662686c,engine_overheat
S-4820484y,gear_stick
g-8761468w,another_bug
Q-6145494U,engine_check
W10708735F,gear_stick
p17325319H,gear_stick
F-1510394i,engine_overheat
C58608888l,engine_check
d-2253716j,engine_check
x16453445a,gear_stick
I66859230r,engine_overheat
P64817824s,engine_fuel
g-1168593W,engine_check
K22750834U,gear_stick
I-1242074u,engine_check
F-3351081U,engine_check
F19447831G,engine_check
s-1689007T,another_bug
k10152000a,engine_overheat
H12617664T,engine_check
t-1064471J,engine_check
t-2197360k,another_bug
d-2120346e,engine_overheat
O-1642949k,another_bug
Q53125922U,engine_overheat
b-1461155F,another_bug
Q39818857Y,engine_check
r62935175h,engine_overheat
W-6196754y,engine_overheat
g28641563H,engine_check
j11454423o,gear_stick
F-1666827W,engine_overheat
A21999620z,engine_check
c75592211G,engine_overheat
L-1701832m,gear_stick
k18648690J,engine_check
h-1998519z,engine_overheat
U-6212557F,another_bug
e-2299648Q,another_bug
s-1139976I,gear_stick
K-8425830Q,another_bug
d22617101F,electro_bug
D17905231R,engine_check
u13437959M,engine_check
Z-9946732U,gear_stick
K-1500884y,another_bug
c-1794298L,another_bug
M15430763y,engine_overheat
p-1264204Z,gear_stick
U38299579G,engine_check
c56523775V,engine_overheat
T38194151F,engine_check
m-3164602H,engine_overheat
n-1234064Z,engine_overheat
J-1156067J,engine_check
f-6526492s,another_bug
l20269048F,gear_stick
B98720158A,engine_overheat
C-1753458i,engine_check
x21906434L,gear_stick
i13542684X,engine_overheat
u-1875498r,engine_check
X-1879171y,engine_overheat
t21801419s,engine_check
L21647080y,engine_check
h-5026863d,engine_check
T-3466939S,engine_overheat
m12662735d,engine_check
t14261623o,engine_overheat
n-2837743g,engine_overheat
e-2154304r,another_bug
N-2215366J,engine_overheat
g-1249815S,engine_overheat
W-1215684E,engine_check
A11461567u,gear_stick
L16034991d,engine_check
L-2243568g,engine_overheat
U11614816e,engine_check
h-1908691k,engine_check
S-1588766I,engine_check
i-2841469F,gear_stick
W12646665I,electro_bug
P-2897916I,engine_overheat
q-1324803Z,engine_overheat
A-6570552N,gear_stick
k-1985555z,engine_check
k13077603E,gear_stick
H11107062P,engine_overheat
u-1297698j,another_bug
R23868498r,engine_overheat
N-1923238g,engine_overheat
j-5320438l,engine_check
M-2097633r,engine_overheat
U52942046Z,engine_overheat
h17001071q,engine_check
R-1401948E,engine_overheat
a-1738562d,another_bug
R99178335S,engine_check
t19157053h,engine_check
m14758475e,engine_overheat
B47711748K,engine_check
t21884438y,another_bug
V-2454314m,gear_stick
Z16920973J,gear_stick
b13641719v,engine_check
X13092819Q,engine_check
r14567820H,engine_fuel
a-1296325M,engine_check
v-1923353f,gear_stick
P75675086P,engine_overheat
H-2270745P,engine_overheat
f-1963567i,gear_stick
C19974180h,engine_check
N39559408S,gear_stick
P-2227204H,engine_overheat
P13046593R,engine_check
k72805610d,engine_overheat
N62378224U,engine_check
j-1956405K,another_bug
Q-1492285k,engine_overheat
Q11700844e,engine_overheat
E-3042252G,another_bug
q-1872858i,gear_stick
h-1344515n,gear_stick
O-1383891v,another_bug
X64881130C,engine_overheat
U19015371f,engine_overheat
R69641219y,engine_check
M25907433E,another_bug
e-1885009l,engine_overheat
l-1959164P,engine_overheat
M-9949056v,engine_check
d-1302572o,engine_overheat
f22323125D,engine_check
d10736354y,gear_stick
w-3928877y,engine_overheat
y13551852I,engine_check
p-6352560b,another_bug
i11460685H,engine_overheat
r44913393N,engine_check
S11426971O,gear_stick
S-4753227p,engine_overheat
Z-9466103x,gear_stick
b86382646t,gear_stick
T-2294411h,another_bug
f13646346O,another_bug
k12390619M,gear_stick
p14822094P,engine_check
y-1267351r,engine_overheat
r10427446Y,engine_check
Z21148829c,engine_check
w15143755c,engine_check
s12154911r,engine_check
y76872086H,engine_check
p15590759i,gear_stick
z-5067315t,engine_check
H-1836769I,another_bug
f-1042769Z,gear_stick
f16491132W,engine_check
P21644134e,engine_check
o67669876a,engine_overheat
h-1414900L,engine_check
i90456198D,engine_check
B-2199737O,engine_overheat
s-5157124G,engine_check
q20798329k,engine_check
b-6366825A,another_bug
o16666830b,gear_stick
H-2456490y,another_bug
p17190552s,engine_check
P22575706L,engine_overheat
W19937723D,engine_check
p-2060516y,another_bug
x13966371T,engine_overheat
q53435481a,engine_check
Q-9617805F,engine_fuel
N59793228F,engine_check
M52666824i,engine_check
T-1009246T,gear_stick
f11409987C,engine_check
z-7198780T,engine_overheat
k-7951300Y,gear_stick
J19069143E,engine_overheat
b-1597167C,engine_overheat
O-6623929C,engine_overheat
F14674957T,engine_check
t82296586k,engine_check
Z20453566w,engine_overheat
J82279855E,engine_check
n-2242535p,another_bug
V-1226312R,another_bug
v-7763664j,engine_overheat
h-1179139J,engine_check
x13640960Q,engine_overheat
Z-2276652N,engine_overheat
F-2165841B,another_bug
x-1331529J,another_bug
J-2127749D,another_bug
